{
  "n_samples_total": 130831,
  "n_samples_valid": 130831,
  "property_names": [
    "\u03b1",
    "\u0394\u03b5",
    "\u03b5_HOMO",
    "\u03b5_LUMO",
    "\u03bc",
    "C_v",
    "G",
    "H",
    "R\u00b2",
    "U",
    "U\u2080",
    "ZPVE"
  ],
  "stats": {
    "\u03b1": {
      "count": 130831,
      "mean": 75.28118503790856,
      "std": 8.173830672486785,
      "min": 6.309999942779541,
      "max": 196.6199951171875,
      "median": 75.5999984741211,
      "p25": 70.4800033569336,
      "p75": 80.61000061035156,
      "nan_count": 0
    },
    "\u0394\u03b5": {
      "count": 130831,
      "mean": 6.858492391318726,
      "std": 1.2841686448127965,
      "min": 0.6694000959396362,
      "max": 16.928203582763672,
      "median": 6.80828857421875,
      "p25": 5.904870510101318,
      "p75": 7.874975204467773,
      "nan_count": 0
    },
    "\u03b5_HOMO": {
      "count": 130831,
      "mean": -6.536452537664287,
      "std": 0.5977412330177029,
      "min": -11.662799835205078,
      "max": -2.767397880554199,
      "median": -6.560665130615234,
      "p25": -6.87359619140625,
      "p75": -6.228686332702637,
      "nan_count": 0
    },
    "\u03b5_LUMO": {
      "count": 130831,
      "mean": 0.3220436757814172,
      "std": 1.274855421492841,
      "min": -4.761992454528809,
      "max": 5.2654032707214355,
      "median": 0.3428634703159332,
      "p25": -0.6340252757072449,
      "p75": 1.3850595951080322,
      "nan_count": 0
    },
    "\u03bc": {
      "count": 130831,
      "mean": 2.672952864122978,
      "std": 1.50347934552159,
      "min": 0.0,
      "max": 29.556400299072266,
      "median": 2.4753000736236572,
      "p25": 1.5778000354766846,
      "p75": 3.5963499546051025,
      "nan_count": 0
    },
    "C_v": {
      "count": 130831,
      "mean": 31.62036403992016,
      "std": 4.067580862853528,
      "min": 6.001999855041504,
      "max": 46.96900177001953,
      "median": 31.577999114990234,
      "p25": 28.954999923706055,
      "p75": 34.29800033569336,
      "nan_count": 0
    },
    "G": {
      "count": 130831,
      "mean": -11179.875438604433,
      "std": 1085.592350055183,
      "min": -19445.314453125,
      "max": -1102.02294921875,
      "median": -11342.830078125,
      "p25": -11916.1875,
      "p75": -10532.833984375,
      "nan_count": 0
    },
    "H": {
      "count": 130831,
      "mean": -11178.71026755436,
      "std": 1085.5728086638233,
      "min": -19444.146484375,
      "max": -1101.384033203125,
      "median": -11341.6943359375,
      "p25": -11915.04736328125,
      "p75": -10531.6298828125,
      "nan_count": 0
    },
    "R\u00b2": {
      "count": 130831,
      "mean": 1189.410643456084,
      "std": 280.4781565235572,
      "min": 19.000200271606445,
      "max": 3374.753173828125,
      "median": 1147.2210693359375,
      "p25": 1017.4312438964844,
      "p75": 1309.0469970703125,
      "nan_count": 0
    },
    "U": {
      "count": 130831,
      "mean": -11178.73595875666,
      "std": 1085.5728070460702,
      "min": -19444.171875,
      "max": -1101.4097900390625,
      "median": -11341.7197265625,
      "p25": -11915.07275390625,
      "p75": -10531.65625,
      "nan_count": 0
    },
    "U\u2080": {
      "count": 130831,
      "mean": -11178.966471436896,
      "std": 1085.5787041571518,
      "min": -19444.38671875,
      "max": -1101.48779296875,
      "median": -11341.9365234375,
      "p25": -11915.28857421875,
      "p75": -10531.9072265625,
      "nan_count": 0
    },
    "ZPVE": {
      "count": 130831,
      "mean": 4.0569366719026325,
      "std": 0.901723135380126,
      "min": 0.4340488314628601,
      "max": 7.454395771026611,
      "median": 4.044400691986084,
      "p25": 3.4187839031219482,
      "p75": 4.663949966430664,
      "nan_count": 0
    }
  }
}