{
  "n_samples_total": 130831,
  "n_samples_valid": 130831,
  "property_names": [
    "\u03b1",
    "\u0394\u03b5",
    "\u03b5_HOMO",
    "\u03b5_LUMO",
    "\u03bc",
    "C_v",
    "G",
    "H",
    "R\u00b2",
    "U",
    "U\u2080",
    "ZPVE"
  ],
  "stats": {
    "\u03b1": {
      "count": 130831,
      "mean": 75.28118503790856,
      "std": 8.173830672486785,
      "min": 6.309999942779541,
      "max": 196.6199951171875,
      "median": 75.5999984741211,
      "p25": 70.4800033569336,
      "p75": 80.61000061035156,
      "nan_count": 0
    },
    "\u0394\u03b5": {
      "count": 130831,
      "mean": 6858.492391318726,
      "std": 1284.1686448127964,
      "min": 669.4000959396362,
      "max": 16928.203582763672,
      "median": 6808.28857421875,
      "p25": 5904.870510101318,
      "p75": 7874.975204467773,
      "nan_count": 0
    },
    "\u03b5_HOMO": {
      "count": 130831,
      "mean": -6536.452537664287,
      "std": 597.7412330177029,
      "min": -11662.799835205078,
      "max": -2767.397880554199,
      "median": -6560.665130615234,
      "p25": -6873.59619140625,
      "p75": -6228.686332702637,
      "nan_count": 0
    },
    "\u03b5_LUMO": {
      "count": 130831,
      "mean": 322.04367578141716,
      "std": 1274.855421492841,
      "min": -4761.992454528809,
      "max": 5265.403270721436,
      "median": 342.8634703159332,
      "p25": -634.0252757072449,
      "p75": 1385.0595951080322,
      "nan_count": 0
    },
    "\u03bc": {
      "count": 130831,
      "mean": 2.672952864122978,
      "std": 1.50347934552159,
      "min": 0.0,
      "max": 29.556400299072266,
      "median": 2.4753000736236572,
      "p25": 1.5778000354766846,
      "p75": 3.5963499546051025,
      "nan_count": 0
    },
    "C_v": {
      "count": 130831,
      "mean": 31.62036403992016,
      "std": 4.067580862853528,
      "min": 6.001999855041504,
      "max": 46.96900177001953,
      "median": 31.577999114990234,
      "p25": 28.954999923706055,
      "p75": 34.29800033569336,
      "nan_count": 0
    },
    "G": {
      "count": 130831,
      "mean": -70836.40172472771,
      "std": 9498.3797308254,
      "min": -104816.40625,
      "max": -8733.88671875,
      "median": -70978.515625,
      "p25": -76949.21875,
      "p75": -64738.28125,
      "nan_count": 0
    },
    "H": {
      "count": 130831,
      "mean": -77018.31270685828,
      "std": 10489.218393397754,
      "min": -114612.3046875,
      "max": -9330.322265625,
      "median": -77157.2265625,
      "p25": -83779.78515625,
      "p75": -70249.51171875,
      "nan_count": 0
    },
    "R\u00b2": {
      "count": 130831,
      "mean": 1189.410643456084,
      "std": 280.4781565235572,
      "min": 19.000200271606445,
      "max": 3374.753173828125,
      "median": 1147.2210693359375,
      "p25": 1017.4312438964844,
      "p75": 1309.0469970703125,
      "nan_count": 0
    },
    "U": {
      "count": 130831,
      "mean": -76580.08792563259,
      "std": 10415.215807358938,
      "min": -113891.6015625,
      "max": -9278.80859375,
      "median": -76720.703125,
      "p25": -83296.875,
      "p75": -69858.3984375,
      "nan_count": 0
    },
    "U\u2080": {
      "count": 130831,
      "mean": -76115.694594195,
      "std": 10323.683189059606,
      "min": -113112.3046875,
      "max": -9240.478515625,
      "median": -76255.859375,
      "p25": -82766.6015625,
      "p75": -69459.47265625,
      "nan_count": 0
    },
    "ZPVE": {
      "count": 130831,
      "mean": 4056.936671902632,
      "std": 901.723135380126,
      "min": 434.0488314628601,
      "max": 7454.395771026611,
      "median": 4044.400691986084,
      "p25": 3418.7839031219482,
      "p75": 4663.949966430664,
      "nan_count": 0
    }
  }
}