{
  "property_names": [
    "\u03b1",
    "\u0394\u03b5",
    "\u03b5_HOMO",
    "\u03b5_LUMO",
    "\u03bc",
    "C_v",
    "G",
    "H",
    "R\u00b2",
    "U",
    "U\u2080",
    "ZPVE"
  ],
  "extended_stats": {
    "\u03b1": {
      "count": 130831,
      "mean": 75.28118503790856,
      "std": 8.173830672486785,
      "min": 6.309999942779541,
      "max": 196.6199951171875,
      "median": 75.5999984741211,
      "p25": 70.4800033569336,
      "p75": 80.61000061035156,
      "skewness": -0.38445548989374556,
      "kurtosis": 1.8163317556460488,
      "zeros": 0,
      "nan_count": 0
    },
    "\u0394\u03b5": {
      "count": 130831,
      "mean": 6858.492391318726,
      "std": 1284.1686448127964,
      "min": 669.4000959396362,
      "max": 16928.203582763672,
      "median": 6808.28857421875,
      "p25": 5904.870510101318,
      "p75": 7874.975204467773,
      "skewness": 0.004436340546870755,
      "kurtosis": -0.5938990564201312,
      "zeros": 0,
      "nan_count": 0
    },
    "\u03b5_HOMO": {
      "count": 130831,
      "mean": -6536.452537664287,
      "std": 597.7412330177029,
      "min": -11662.799835205078,
      "max": -2767.397880554199,
      "median": -6560.665130615234,
      "p25": -6873.59619140625,
      "p75": -6228.686332702637,
      "skewness": 0.24351817371923845,
      "kurtosis": 1.753396657744636,
      "zeros": 0,
      "nan_count": 0
    },
    "\u03b5_LUMO": {
      "count": 130831,
      "mean": 322.04367578141716,
      "std": 1274.855421492841,
      "min": -4761.992454528809,
      "max": 5265.403270721436,
      "median": 342.8634703159332,
      "p25": -634.0252757072449,
      "p75": 1385.0595951080322,
      "skewness": -0.18844698912149185,
      "kurtosis": -0.5907379969197355,
      "zeros": 71,
      "nan_count": 0
    },
    "\u03bc": {
      "count": 130831,
      "mean": 2.672952864122978,
      "std": 1.50347934552159,
      "min": 0.0,
      "max": 29.556400299072266,
      "median": 2.4753000736236572,
      "p25": 1.5778000354766846,
      "p75": 3.5963499546051025,
      "skewness": 1.492213928012935,
      "kurtosis": 9.108663349342905,
      "zeros": 45,
      "nan_count": 0
    },
    "C_v": {
      "count": 130831,
      "mean": 31.62036403992016,
      "std": 4.067580862853528,
      "min": 6.001999855041504,
      "max": 46.96900177001953,
      "median": 31.577999114990234,
      "p25": 28.954999923706055,
      "p75": 34.29800033569336,
      "skewness": -0.06407020002733299,
      "kurtosis": 0.41888719527992313,
      "zeros": 0,
      "nan_count": 0
    },
    "G": {
      "count": 130831,
      "mean": -11179875.438604433,
      "std": 1085592.350055183,
      "min": -19445314.453125,
      "max": -1102022.94921875,
      "median": -11342830.078125,
      "p25": -11916187.5,
      "p75": -10532833.984375,
      "skewness": 0.316846317685314,
      "kurtosis": 2.0044924693528063,
      "zeros": 0,
      "nan_count": 0
    },
    "H": {
      "count": 130831,
      "mean": -11178710.26755436,
      "std": 1085572.8086638232,
      "min": -19444146.484375,
      "max": -1101384.033203125,
      "median": -11341694.3359375,
      "p25": -11915047.36328125,
      "p75": -10531629.8828125,
      "skewness": 0.31678083792238826,
      "kurtosis": 2.004364182038098,
      "zeros": 0,
      "nan_count": 0
    },
    "R\u00b2": {
      "count": 130831,
      "mean": 1189.410643456084,
      "std": 280.4781565235572,
      "min": 19.000200271606445,
      "max": 3374.753173828125,
      "median": 1147.2210693359375,
      "p25": 1017.4312438964844,
      "p75": 1309.0469970703125,
      "skewness": 1.2989746925861985,
      "kurtosis": 3.8648856382013417,
      "zeros": 0,
      "nan_count": 0
    },
    "U": {
      "count": 130831,
      "mean": -11178735.958756661,
      "std": 1085572.8070460702,
      "min": -19444171.875,
      "max": -1101409.7900390625,
      "median": -11341719.7265625,
      "p25": -11915072.75390625,
      "p75": -10531656.25,
      "skewness": 0.3167808552581317,
      "kurtosis": 2.004364190071347,
      "zeros": 0,
      "nan_count": 0
    },
    "U\u2080": {
      "count": 130831,
      "mean": -11178966.471436895,
      "std": 1085578.7041571517,
      "min": -19444386.71875,
      "max": -1101487.79296875,
      "median": -11341936.5234375,
      "p25": -11915288.57421875,
      "p75": -10531907.2265625,
      "skewness": 0.3168090017916705,
      "kurtosis": 2.0044130879100948,
      "zeros": 0,
      "nan_count": 0
    },
    "ZPVE": {
      "count": 130831,
      "mean": 4056.936671902632,
      "std": 901.723135380126,
      "min": 434.0488314628601,
      "max": 7454.395771026611,
      "median": 4044.400691986084,
      "p25": 3418.7839031219482,
      "p75": 4663.949966430664,
      "skewness": 0.014194348951188169,
      "kurtosis": 0.0006758483268667348,
      "zeros": 0,
      "nan_count": 0
    }
  }
}